Ward,Location,Address,City,State
Ward 42,Loop Super Site,191 N. Clark St.,Chicago,IL
Ward 1,Goldblatts Building,1615 W Chicago Ave.,Chicago,IL
Ward 2,Ogden Elementary School,24 W Walton St.,Chicago,IL
Ward 3,Beethoven Elementary School,25 W 47th St.,Chicago,IL
Ward 4,Dr. Martin Luther King Jr. Center,4314 S Cottage Grove,Chicago,IL
Ward 5,Ray Elementary School,5631 S Kimbark Ave.,Chicago,IL
Ward 6,Deneen Elementary School,7257 S State St.,Chicago,IL
Ward 7,Burnham Elementary School,9928 S Crandon Ave.,Chicago,IL
Ward 8,Olive Harvey College,10001 S Woodlawn Ave.,Chicago,IL
Ward 9,Curtis Elementary School,32 E 115th St.,Chicago,IL
Ward 10,Sadlowski Elementary School,3930 E 105th St.,Chicago,IL
Ward 11,Sheridan Elementary School,533 W 27th St.,Chicago,IL
Ward 12,Kelly High School,4136 S California Ave.,Chicago,IL
Ward 13,West Lawn Park,4233 W 65th St.,Chicago,IL
Ward 14,Edwards Elementary School,4815 S Karlov Ave.,Chicago,IL
Ward 15,Carson Elementary School,5516 S Maplewood Ave.,Chicago,IL
Ward 16,Lindblom Park,6054 S Damen Ave.,Chicago,IL
Ward 17,Southside High School,7342 S Hoyne Ave.,Chicago,IL
Ward 18,Carroll Elementary School,2929 W 83rd St.,Chicago,IL
Ward 19,Beverly Arts Center,2407 W 111th St.�,Chicago,IL
Ward 20,Fiske Elementary School,6020 S. Langley Ave.,Chicago,IL
Ward 21,Turner Drew Language Acad.,9300 S Princeton Ave.,Chicago,IL
Ward 22,Ortiz De Dominguez Elementary School,3000 S Lawndale Ave.,Chicago,IL
Ward 23,Dore Elementary School,7134 W 65th St.,Chicago,IL
Ward 24,Herzl Elementary School,3711 W Douglas Blvd.,Chicago,IL
Ward 25,Jungman Elementary School,1746 S Miller St.,Chicago,IL
Ward 26,Casals Elementary School,3501 W Potomac Ave.,Chicago,IL
Ward 27,Suder Elementary School,2022 W Washington Blvd,Chicago,IL
Ward 28,Westside Learning Center,4624 W Madison St.,Chicago,IL
Ward 29,Burbank Elementary School,2035 N Mobile Ave.,Chicago,IL
Ward 30,Lorca Elementary School,3231 N Springfield Ave.,Chicago,IL
Ward 31,Falconer Elementary School,3020 N Lamon Ave.,Chicago,IL
Ward 32,Pulaski Elementary School,2230 W McLean Ave.,Chicago,IL
Ward 33,Bateman Elementary School,4220 N Richmond St.,Chicago,IL
Ward 34,Dunne Elementary School,10845 S Union Ave.,Chicago,IL
Ward 35,NEIU El Centro,3390 N Avondale Ave.,Chicago,IL
Ward 36,Hanson Park Elementary School,5411 W Fullerton Ave.,Chicago,IL
Ward 37,McNair Elementary School,4820 W Walton St.,Chicago,IL
Ward 38,Hiawatha Park,8029 W Forest Preserve Dr.,Chicago,IL
Ward 39,Sauganash Elementary School,6040 N Kilpatrick Ave.,Chicago,IL
Ward 40,Mather High School,5835 N Lincoln Ave.,Chicago,IL
Ward 41,Oriole Park Elementary School,5424 N Oketo Ave.,Chicago,IL
Ward 42,Maggie Daley Park,337 E. Randolph St.,Chicago,IL
Ward 43,Lincoln Park High School,2001 N Orchard St.,Chicago,IL
Ward 44,Inter American Elementary School,851 W Waveland Ave.,Chicago,IL
Ward 45,Hitch Elementary School,5625 N McVicker Ave.,Chicago,IL
Ward 46,Truman College,1145 W Wilson Ave,Chicago,IL
Ward 47,Welles Park,2333 W Sunnyside Ave.,Chicago,IL
Ward 48,Broadway Armory,5917 N Broadway,Chicago,IL
Ward 49,New Field Elementary School,1707 W Morse Ave.,Chicago,IL
Ward 50,Warren Park,6601 N Western Ave.,Chicago,IL
